State,State-Code,District,female_school_attendance,health_insurance,anc_first_trimester,anc_4plus_visits,ifa_100days,postnatal_care_2days,oop_expenditure_delivery,institutional_births,institutional_births_public,skilled_birth_attendance
Andaman and Nicobar Island,AN,Nicobar,78.0,2.7,62.8,71.7,72.6,85.1,2278.0,97.8,96.7,98.6
Andaman and Nicobar Island,AN,North & Middle Andaman,82.7,2.1,74.5,79.2,83.7,92.5,1904.0,97.7,95.0,98.3
Andaman and Nicobar Island,AN,South Andaman,84.7,1.2,79.4,85.9,81.0,88.1,3460.0,99.5,83.8,96.9
Andhra Pradesh,AP,Anantapur,59.5,73.2,80.3,66.6,72.0,89.1,2682.0,94.7,60.3,98.3
Andhra Pradesh,AP,Chittoor,65.6,70.7,80.3,65.3,71.7,93.8,2533.0,97.1,66.5,97.6
Andhra Pradesh,AP,East Godavari,75.4,66.4,76.3,51.0,62.7,91.9,8159.0,96.6,46.0,89.9
Andhra Pradesh,AP,Guntur,64.9,71.1,89.4,62.5,75.1,94.0,3912.0,98.6,49.6,95.5
Andhra Pradesh,AP,Krishna,74.0,68.1,81.5,73.3,56.2,88.3,3715.0,98.9,40.1,98.0
Andhra Pradesh,AP,Kurnool,55.2,73.3,78.6,74.3,69.8,87.8,2094.0,88.5,51.1,90.6
Andhra Pradesh,AP,Prakasam,58.1,67.6,84.7,73.4,69.0,90.1,,97.4,18.1,97.9
Andhra Pradesh,AP,Sri Potti Sriramulu Nellore,67.9,72.3,89.0,73.0,76.1,95.5,1104.0,97.0,34.9,100.0
Andhra Pradesh,AP,Srikakulam,60.0,75.6,79.7,78.4,67.5,90.8,3479.0,97.9,52.2,96.4
Andhra Pradesh,AP,Visakhapatnam,66.8,64.9,79.4,58.6,75.0,84.8,2200.0,95.3,69.3,94.4
Andhra Pradesh,AP,Vizianagaram,56.0,76.7,76.1,71.4,59.6,83.9,1931.0,99.0,70.6,97.6
Andhra Pradesh,AP,West Godavari,75.4,67.6,82.2,62.7,82.8,94.8,2318.0,98.7,48.8,98.5
Andhra Pradesh,AP,Y.S.R.,61.9,73.3,84.4,82.8,71.2,92.3,3389.0,99.4,40.7,100.0
Assam,AS,Baksa,74.1,69.0,61.1,56.0,56.2,65.0,7312.0,89.9,82.2,92.1
Assam,AS,Barpeta,75.4,58.9,62.2,43.6,49.4,70.5,4829.0,87.6,82.3,87.6
Assam,AS,Biswanath,72.1,68.4,41.2,46.5,63.7,56.5,3676.0,84.3,74.0,84.6
Assam,AS,Bongaigaon,77.0,57.6,65.1,33.9,46.7,57.0,4778.0,84.5,74.9,89.1
Assam,AS,Cachar,80.5,57.9,52.0,32.7,35.6,57.3,3799.0,79.2,74.9,80.2
Assam,AS,Charaideo,75.0,64.9,74.1,64.5,51.7,70.5,4858.0,88.2,76.7,90.5
Assam,AS,Chirang,71.5,61.5,55.9,56.5,47.1,59.7,5052.0,83.7,71.1,82.9
Assam,AS,Darrang,75.2,53.7,56.5,37.5,43.3,53.2,7001.0,84.4,81.1,87.0
Assam,AS,Dhemaji,77.3,66.8,76.2,62.2,45.3,72.8,5168.0,87.3,84.1,91.5
Assam,AS,Dhubri,71.8,59.4,49.9,37.6,47.6,48.4,4691.0,64.2,61.8,68.9
Assam,AS,Dibrugarh,79.5,58.8,75.8,75.6,58.9,82.1,5125.0,93.1,71.6,95.3
Assam,AS,Dima Hasao,85.1,61.9,58.9,46.9,40.8,73.8,4825.0,89.5,84.6,91.9
Assam,AS,Goalpara,78.5,71.1,65.3,44.1,52.2,73.5,4407.0,92.3,87.2,94.2
Assam,AS,Golaghat,77.6,69.3,76.1,65.7,63.7,73.5,5186.0,90.4,81.4,92.1
Assam,AS,Hailakandi,81.5,53.6,77.6,43.1,29.0,68.8,5090.0,83.0,75.1,84.8
Assam,AS,Hojai,79.1,67.4,52.7,51.3,50.5,63.9,5299.0,82.1,59.4,83.5
Assam,AS,Jorhat,84.4,60.1,78.3,67.0,52.1,81.4,8435.0,96.5,74.9,97.4
Assam,AS,Kamrup,79.4,47.0,57.0,46.9,42.5,61.4,8654.0,85.0,69.8,88.5
Assam,AS,Kamrup Metropolitan,87.5,45.5,77.6,68.9,51.7,75.6,8275.0,89.1,55.7,90.1
Assam,AS,Karbi Anglong,76.4,54.1,64.8,63.9,35.3,56.9,6822.0,74.9,69.2,78.3
Assam,AS,Karimganj,82.1,64.4,54.8,42.8,39.9,63.9,4287.0,76.4,69.8,78.3
Assam,AS,Kokrajhar,75.2,50.2,67.0,36.9,61.1,68.3,3780.0,81.9,76.8,82.0
Assam,AS,Lakhimpur,83.2,67.0,61.0,51.7,42.2,67.7,5098.0,96.2,91.6,96.8
Assam,AS,Majuli,78.4,60.8,76.1,72.2,56.7,73.5,6227.0,90.3,85.8,93.5
Assam,AS,Morigaon,79.1,62.5,64.0,42.0,53.4,67.9,4379.0,88.3,82.8,90.0
Assam,AS,Nagaon,81.3,59.4,73.1,59.4,46.5,62.0,5670.0,83.7,73.4,86.7
Assam,AS,Nalbari,81.8,52.5,70.7,55.9,38.6,73.8,6478.0,91.8,69.2,91.4
Assam,AS,Sivasagar,87.1,60.7,85.1,80.9,53.7,73.8,5466.0,95.3,76.2,95.6
Assam,AS,Sonitpur,74.9,66.9,48.8,45.5,56.4,63.5,5123.0,83.5,73.1,82.8
Assam,AS,South Salmara Mancachar,69.4,68.2,60.1,35.3,47.4,62.6,3092.0,71.7,69.9,79.4
Assam,AS,Tinsukia,72.6,60.0,70.7,63.1,43.8,73.6,5163.0,82.6,66.2,83.2
Assam,AS,Udalguri,70.6,70.6,50.1,49.8,44.2,53.1,6731.0,86.2,78.5,87.9
Assam,AS,West Karbi Anglong,73.8,63.1,55.5,46.7,39.9,55.7,3597.0,72.5,68.9,84.5
Bihar,BR,Araria,53.0,19.5,41.6,25.8,17.6,46.4,3606.0,66.2,51.5,70.3
Bihar,BR,Arwal,62.6,15.6,57.4,34.5,17.2,70.1,1933.0,79.2,58.6,83.1
Bihar,BR,Aurangabad,65.0,15.4,53.6,29.3,20.3,71.5,1804.0,77.5,61.9,84.6
Bihar,BR,Banka,59.3,13.6,70.7,31.7,24.5,72.3,8076.0,79.8,68.0,80.4
Bihar,BR,Begusarai,65.0,13.2,46.5,21.6,21.4,58.6,1710.0,86.0,63.6,85.6
Bihar,BR,Bhagalpur,65.1,16.3,53.3,27.6,28.0,54.0,2975.0,77.2,52.1,77.5
Bihar,BR,Bhojpur,67.9,9.6,42.7,33.5,15.5,56.1,2214.0,86.9,61.8,87.5
Bihar,BR,Buxar,64.8,11.4,61.5,27.4,21.1,66.9,1686.0,89.5,50.9,90.6
Bihar,BR,Darbhanga,54.9,25.3,51.8,24.9,22.0,50.5,3230.0,69.9,55.8,75.9
Bihar,BR,Gaya,59.6,9.7,63.2,25.1,18.9,72.5,1927.0,76.6,49.1,77.7
Bihar,BR,Gopalganj,63.3,12.7,53.2,27.9,23.6,53.9,2559.0,85.9,60.3,88.0
Bihar,BR,Jamui,53.1,14.3,73.8,37.9,27.8,66.7,5290.0,73.4,53.3,72.7
Bihar,BR,Jehanabad,61.7,13.2,58.4,17.4,24.2,77.7,1512.0,89.1,61.6,88.3
Bihar,BR,Kaimur (Bhabua),62.3,18.1,62.4,25.6,11.2,81.6,1671.0,83.3,63.2,86.0
Bihar,BR,Katihar,57.5,8.4,40.9,15.3,16.2,41.7,2333.0,66.9,59.9,73.8
Bihar,BR,Khagaria,60.6,15.6,44.6,17.4,15.8,54.2,4327.0,74.2,64.0,82.3
Bihar,BR,Kishanganj,56.0,8.1,37.6,17.1,17.5,40.7,4174.0,54.6,41.5,64.9
Bihar,BR,Lakhisarai,61.2,15.1,66.1,28.0,21.1,66.7,9523.0,75.8,58.4,76.2
Bihar,BR,Madhepura,58.0,9.5,53.8,20.9,14.9,49.5,982.0,75.0,68.8,77.1
Bihar,BR,Madhubani,55.6,19.2,67.5,34.9,16.2,58.9,2426.0,73.7,52.4,78.5
Bihar,BR,Munger,69.5,15.2,68.7,36.8,33.0,80.7,2461.0,93.2,60.0,92.3
Bihar,BR,Muzaffarpur,65.1,13.2,55.9,28.2,13.7,55.9,3663.0,72.5,51.3,78.2
Bihar,BR,Nalanda,59.6,12.8,64.7,29.3,16.4,77.5,2628.0,80.3,53.9,85.1
Bihar,BR,Nawada,61.4,8.1,69.5,31.6,17.5,74.1,2858.0,79.9,51.5,79.5
Bihar,BR,Pashchim Champaran,59.8,20.0,55.0,25.4,9.9,57.3,1882.0,79.5,60.6,78.4
Bihar,BR,Patna,69.5,10.2,51.7,17.9,20.7,59.0,2863.0,89.1,51.0,81.4
Bihar,BR,Purba Champaran,58.2,19.4,45.4,21.7,18.4,43.7,2811.0,61.5,43.0,67.4
Bihar,BR,Purnia,53.6,10.2,26.3,11.1,12.7,41.0,4083.0,68.9,55.7,74.2
Bihar,BR,Rohtas,70.5,17.2,64.9,34.2,17.4,85.0,1621.0,89.1,51.7,91.3
Bihar,BR,Saharsa,50.2,12.8,34.8,11.7,12.1,38.5,2273.0,70.4,62.0,72.9
Bihar,BR,Samastipur,60.9,19.0,53.4,23.5,20.8,52.1,2268.0,83.4,71.9,83.7
Bihar,BR,Saran,64.8,9.4,44.4,30.7,14.8,54.1,2903.0,73.0,57.2,79.1
Bihar,BR,Sheikhpura,58.5,9.7,68.8,28.4,24.1,77.1,1842.0,89.2,69.7,91.8
Bihar,BR,Sheohar,56.2,18.1,62.8,25.3,11.3,61.1,2090.0,74.3,63.8,77.0
Bihar,BR,Sitamarhi,59.1,20.7,57.8,20.3,14.3,51.1,2538.0,64.4,49.9,69.6
Bihar,BR,Siwan,70.7,8.2,61.0,30.3,21.1,63.9,4135.0,86.4,65.3,86.9
Bihar,BR,Supaul,50.9,14.2,59.0,30.9,13.2,60.7,1760.0,80.4,73.6,79.4
Bihar,BR,Vaishali,64.5,13.5,46.7,24.5,14.8,57.4,2571.0,81.6,63.1,84.8
Dadra & Nagar Haveli and Daman & Diu,DD,Dadra & Nagar Haveli,70.8,58.8,82.0,90.9,65.1,92.2,502.0,96.3,75.8,98.1
Dadra & Nagar Haveli and Daman & Diu,DD,Daman,83.8,32.9,62.7,70.5,38.4,89.5,1200.0,97.4,60.5,96.9
Dadra & Nagar Haveli and Daman & Diu,DD,Diu,77.8,64.0,85.7,90.7,79.9,93.0,1310.0,95.7,63.9,97.2
Goa,GA,North Goa,89.5,64.8,74.6,91.3,84.8,93.1,3824.0,99.6,58.6,98.6
Goa,GA,South Goa,88.2,67.7,62.7,96.0,92.2,99.5,3768.0,100.0,52.0,100.0
Gujarat,GJ,Ahmedabad,79.8,36.2,73.5,77.8,69.0,90.0,1279.0,94.5,46.7,95.3
Gujarat,GJ,Amreli,69.9,47.7,93.9,92.6,73.8,87.0,1648.0,90.1,45.5,81.2
Gujarat,GJ,Anand,75.2,36.2,74.2,64.2,55.5,90.3,2488.0,96.0,41.2,95.2
Gujarat,GJ,Aravali,68.6,43.9,62.6,73.8,56.0,87.6,3666.0,92.2,34.8,93.0
Gujarat,GJ,Banaskantha,61.1,41.0,68.0,56.1,56.8,86.1,1377.0,92.9,29.1,92.7
Gujarat,GJ,Bharuch,76.7,37.4,63.4,65.7,38.4,78.8,1724.0,91.1,49.6,92.1
Gujarat,GJ,Bhavnagar,72.0,32.2,76.6,70.9,45.2,87.0,1933.0,94.2,44.3,96.0
Gujarat,GJ,Botad,68.9,38.0,82.3,82.7,54.6,85.4,2027.0,93.5,39.2,74.5
Gujarat,GJ,Chhota Udaipur,52.3,40.0,81.9,81.2,59.4,91.1,924.0,85.7,68.8,88.3
Gujarat,GJ,Dahod,59.6,40.3,75.2,70.9,65.0,87.2,1516.0,92.5,68.2,93.2
Gujarat,GJ,Devbhumi Dwarka,59.0,33.5,84.1,76.6,29.1,90.1,1463.0,94.8,37.2,91.7
Gujarat,GJ,Gandhinagar,77.6,29.7,69.5,71.0,38.1,88.2,2445.0,97.8,39.5,89.3
Gujarat,GJ,Gir Somnath,65.8,46.6,79.2,80.7,53.5,90.8,1194.0,87.1,34.0,91.8
Gujarat,GJ,Jamnagar,72.8,38.6,91.7,73.8,52.5,92.4,1150.0,96.5,55.4,96.2
Gujarat,GJ,Junagadh,73.8,47.3,82.0,72.5,39.6,84.1,1272.0,97.4,60.3,97.7
Gujarat,GJ,Kachchh,66.6,34.3,88.8,84.2,74.3,93.9,1793.0,97.4,45.3,97.6
Gujarat,GJ,Kheda,74.0,32.2,64.0,61.2,42.4,85.1,2371.0,95.2,47.5,88.4
Gujarat,GJ,Mahesana,71.3,40.7,59.7,56.6,58.3,79.7,5103.0,97.3,27.4,91.6
Gujarat,GJ,Mahisagar,66.1,46.0,77.2,76.6,63.3,90.9,2087.0,93.0,26.6,92.7
Gujarat,GJ,Morbi,70.5,34.4,89.8,75.1,55.8,89.9,1370.0,94.8,30.1,96.4
Gujarat,GJ,Narmada,66.0,51.1,81.7,83.4,65.1,87.2,753.0,81.7,66.3,84.2
Gujarat,GJ,Navsari,77.9,42.0,93.4,94.7,79.1,98.2,1188.0,99.3,49.6,99.1
Gujarat,GJ,Panchmahal,70.1,34.0,74.0,88.7,64.2,88.0,2680.0,88.4,24.7,84.2
Gujarat,GJ,Patan,64.8,50.2,86.2,79.8,68.1,93.6,783.0,98.6,25.2,97.1
Gujarat,GJ,Porbandar,74.9,42.1,93.5,92.1,56.5,97.6,685.0,100.0,61.2,96.0
Gujarat,GJ,Rajkot,78.4,45.1,94.0,93.5,60.6,98.1,668.0,99.3,40.9,100.0
Gujarat,GJ,Sabarkantha,68.7,49.3,70.1,73.2,52.2,86.9,1828.0,89.4,38.3,83.0
Gujarat,GJ,Surat,82.7,31.6,92.2,93.4,73.1,96.7,2342.0,97.7,41.1,98.8
Gujarat,GJ,Surendranagar,66.0,50.4,84.0,57.5,39.6,78.4,1721.0,85.6,45.4,83.6
Gujarat,GJ,Tapi,66.1,42.3,83.2,91.0,73.6,90.0,846.0,92.9,72.6,85.2
Gujarat,GJ,The Dangs,69.9,44.3,86.4,90.2,78.9,80.1,663.0,74.5,64.2,77.1
Gujarat,GJ,Vadodara,82.0,41.7,80.4,65.9,53.1,90.7,1597.0,95.9,45.7,95.2
Gujarat,GJ,Valsad,79.0,40.6,88.3,92.5,76.5,95.0,958.0,96.5,44.7,98.5
Himachal Pradesh,HP,Bilaspur,81.3,35.4,76.4,81.4,72.4,92.9,3360.0,91.7,72.1,87.6
Himachal Pradesh,HP,Chamba,70.1,26.8,75.1,62.7,65.4,72.9,4252.0,72.0,64.9,74.1
Himachal Pradesh,HP,Hamirpur,86.7,32.0,67.5,59.4,69.9,88.9,4229.0,97.6,75.1,92.4
Himachal Pradesh,HP,Kangra,84.1,36.4,51.5,56.3,63.4,88.7,2087.0,90.2,75.0,87.5
Himachal Pradesh,HP,Kinnaur,73.8,35.9,77.8,75.3,68.7,83.4,3884.0,82.7,76.4,84.1
Himachal Pradesh,HP,Kullu,77.4,26.8,62.1,60.0,61.9,84.6,2919.0,87.0,66.8,88.1
Himachal Pradesh,HP,Lahul and Spiti,65.6,31.2,62.4,65.6,72.7,81.1,3533.0,86.4,75.9,86.7
Himachal Pradesh,HP,Mandi,79.2,41.3,81.2,70.3,68.4,84.2,2859.0,86.6,77.4,86.4
Himachal Pradesh,HP,Shimla,81.6,37.1,83.1,85.3,77.2,91.6,6658.0,92.2,81.9,91.3
Himachal Pradesh,HP,Sirmaur,75.7,26.2,91.0,85.2,76.0,88.7,2586.0,87.4,70.1,88.2
Himachal Pradesh,HP,Solan,82.4,41.9,87.1,88.2,74.6,85.9,5401.0,90.2,68.0,86.8
Himachal Pradesh,HP,Una,86.1,22.6,70.7,71.7,46.5,84.9,4903.0,89.7,52.2,89.9
Jammu and Kashmir,JK,Anantnag,65.5,7.3,82.0,80.9,32.5,85.1,6058.0,90.5,86.7,98.1
Jammu and Kashmir,JK,Badgam,62.5,5.2,83.3,66.5,25.4,88.7,5525.0,96.5,94.3,98.5
Jammu and Kashmir,JK,Bandipore,62.4,9.1,82.9,82.6,21.9,82.6,6399.0,92.8,82.2,93.7
Jammu and Kashmir,JK,Baramula,62.9,6.5,84.0,75.2,22.4,80.1,9853.0,96.2,86.8,97.0
Jammu and Kashmir,JK,Doda,65.1,7.6,86.3,74.3,23.1,71.6,4458.0,73.5,68.9,75.6
Jammu and Kashmir,JK,Ganderbal,60.2,8.3,86.9,80.4,16.3,88.4,6961.0,98.0,95.0,98.6
Jammu and Kashmir,JK,Jammu,84.0,23.3,93.2,95.4,51.4,92.2,4714.0,96.5,88.7,97.0
Jammu and Kashmir,JK,Kathua,77.4,7.0,83.2,31.6,32.6,81.2,5661.0,97.1,93.8,98.5
Jammu and Kashmir,JK,Kishtwar,68.9,16.4,80.3,76.4,34.8,75.7,4410.0,91.6,90.8,94.1
Jammu and Kashmir,JK,Kulgam,64.0,4.2,95.5,92.2,15.8,91.5,3852.0,98.9,94.4,99.6
Jammu and Kashmir,JK,Kupwara,68.7,10.4,83.7,89.2,29.2,90.5,5108.0,97.1,88.7,99.0
Jammu and Kashmir,JK,Pulwama,67.2,9.9,96.6,96.2,33.1,95.0,4299.0,97.8,92.0,98.1
Jammu and Kashmir,JK,Punch,72.1,11.1,80.5,86.4,20.6,81.7,3641.0,86.0,84.2,93.8
Jammu and Kashmir,JK,Rajouri,72.6,16.4,82.5,71.9,17.4,78.7,4199.0,88.8,84.9,94.4
Jammu and Kashmir,JK,Ramban,60.8,9.2,84.6,79.2,12.9,71.3,2683.0,80.4,78.7,91.7
Jammu and Kashmir,JK,Reasi,66.9,11.2,83.4,75.9,32.6,64.7,4046.0,69.3,66.6,73.3
Jammu and Kashmir,JK,Samba,76.6,19.0,86.6,96.2,46.5,92.3,4149.0,97.9,91.3,99.0
Jammu and Kashmir,JK,Shupiyan,71.4,8.4,80.8,86.8,34.4,84.5,5792.0,98.3,94.3,97.5
Jammu and Kashmir,JK,Srinagar,68.2,17.9,95.2,85.1,34.1,90.9,4589.0,99.2,88.7,99.2
Jammu and Kashmir,JK,Udhampur,73.0,16.8,80.1,69.8,19.4,71.2,3412.0,87.2,86.0,91.1
Karnataka,KA,Bagalkot,67.3,22.3,78.2,76.2,32.3,89.0,4576.0,95.2,57.1,91.4
Karnataka,KA,Bangalore,85.7,28.8,75.3,74.6,58.8,88.0,3633.0,99.3,54.7,94.4
Karnataka,KA,Bangalore Rural,74.3,34.9,81.8,90.9,67.0,91.7,4836.0,100.0,72.0,97.9
Karnataka,KA,Belgaum,72.4,20.7,71.2,63.7,36.9,87.0,3902.0,97.5,60.6,96.4
Karnataka,KA,Bellary,64.2,25.7,67.5,56.4,28.7,86.6,12348.0,95.7,76.8,96.0
Karnataka,KA,Bidar,68.2,21.4,62.7,55.3,39.7,89.6,4091.0,99.0,73.4,91.7
Karnataka,KA,Bijapur,66.1,21.2,60.3,56.4,36.6,74.4,3198.0,91.8,59.6,90.0
Karnataka,KA,Chamarajanagar,63.2,34.4,83.2,84.1,41.2,94.2,4270.0,100.0,82.7,96.7
Karnataka,KA,Chikkaballapura,65.9,26.1,82.6,90.5,48.8,91.2,4324.0,99.0,83.0,97.5
Karnataka,KA,Chikmagalur,76.2,30.0,69.5,74.3,49.6,90.9,4544.0,98.4,77.9,98.7
Karnataka,KA,Chitradurga,73.0,35.3,66.3,79.3,50.5,95.2,4234.0,98.3,68.8,95.1
Karnataka,KA,Dakshina Kannada,83.9,36.3,86.1,82.0,68.9,83.5,3699.0,100.0,41.9,91.9
Karnataka,KA,Davanagere,74.9,25.2,63.0,63.1,25.0,78.9,7508.0,98.3,68.9,88.1
Karnataka,KA,Dharwad,78.2,24.5,78.7,85.2,45.1,98.0,3225.0,99.7,69.2,99.0
Karnataka,KA,Gadag,73.3,28.3,52.6,68.7,33.5,84.7,5726.0,96.2,67.5,98.2
Karnataka,KA,Gulbarga,65.0,17.4,59.3,53.6,26.6,79.6,3738.0,88.7,60.5,87.1
Karnataka,KA,Hassan,74.4,36.9,67.6,75.8,50.1,92.6,3421.0,100.0,71.7,97.1
Karnataka,KA,Haveri,72.6,28.8,73.3,58.7,30.5,92.4,11573.0,97.2,82.6,95.8
Karnataka,KA,Kodagu,83.6,45.6,70.6,74.4,46.8,93.3,2830.0,98.4,73.3,94.1
Karnataka,KA,Kolar,71.6,33.9,78.0,90.9,60.2,95.7,3188.0,99.6,76.1,99.3
Karnataka,KA,Koppal,63.9,20.6,52.4,50.7,15.8,80.7,4909.0,90.7,68.2,89.2
Karnataka,KA,Mandya,67.7,39.9,85.6,90.1,54.8,95.5,4109.0,99.5,60.2,97.3
Karnataka,KA,Mysore,72.4,26.2,82.0,85.7,65.2,93.5,4143.0,100.0,56.2,97.8
Karnataka,KA,Raichur,55.3,17.8,66.4,67.5,32.8,76.1,6277.0,88.9,64.4,83.3
Karnataka,KA,Ramanagara,68.8,35.7,91.8,88.7,47.9,87.0,4877.0,100.0,68.8,100.0
Karnataka,KA,Shimoga,78.8,26.5,58.7,79.4,56.6,91.5,5284.0,99.7,74.1,96.5
Karnataka,KA,Tumkur,72.3,31.0,68.6,80.4,61.8,95.2,4533.0,100.0,66.9,93.1
Karnataka,KA,Udupi,82.0,50.9,75.1,59.4,51.3,89.2,2886.0,98.9,37.6,90.2
Karnataka,KA,Uttara Kannada,81.1,32.0,80.4,57.9,35.6,87.4,5362.0,99.3,69.5,99.2
Karnataka,KA,Yadgir,51.9,16.7,57.4,63.6,29.6,73.3,4386.0,93.3,73.4,93.0
Kerala,KL,Alappuzha,97.8,60.4,85.1,65.7,61.0,89.2,10557.0,99.4,49.0,100.0
Kerala,KL,Ernakulam,97.2,46.2,92.6,82.2,82.8,96.1,4940.0,99.1,23.2,100.0
Kerala,KL,Idukki,93.0,58.1,93.3,74.3,75.6,94.0,4942.0,100.0,47.6,100.0
Kerala,KL,Kannur,96.7,47.9,94.8,78.3,78.0,93.4,6125.0,100.0,33.6,100.0
Kerala,KL,Kasaragod,90.8,44.0,97.4,91.2,89.4,95.0,3778.0,100.0,29.9,100.0
Kerala,KL,Kollam,96.6,56.0,92.6,79.3,89.0,91.4,6836.0,100.0,44.7,100.0
Kerala,KL,Kottayam,97.9,53.2,81.6,55.1,51.1,85.0,10236.0,98.7,44.3,99.3
Kerala,KL,Kozhikode,97.7,61.1,98.3,91.8,85.7,91.0,4734.0,100.0,42.2,100.0
Kerala,KL,Malappuram,94.9,42.8,95.3,90.4,92.3,96.9,6760.0,100.0,25.6,100.0
Kerala,KL,Palakkad,89.6,53.8,97.7,68.4,71.7,97.5,6211.0,100.0,29.6,100.0
Kerala,KL,Pathanamthitta,97.7,50.1,92.9,83.9,74.7,95.2,7608.0,99.1,36.8,99.2
Kerala,KL,Thiruvananthapuram,94.5,48.7,87.7,55.3,71.6,86.2,10165.0,99.5,34.7,100.0
Kerala,KL,Thrissur,97.8,48.7,97.1,82.4,78.6,95.2,5007.0,100.0,30.9,100.0
Kerala,KL,Wayanad,88.2,64.8,97.6,94.2,94.9,95.9,7967.0,100.0,37.6,100.0
Ladakh,LH,Kargil,69.6,13.6,91.0,88.0,19.6,78.3,3569.0,93.7,93.7,95.6
Ladakh,LH,Leh (Ladakh),66.3,16.2,80.9,69.6,9.5,80.8,4043.0,96.4,95.7,98.4
Maharashtra,MH,Ahmednagar,77.4,12.0,71.4,76.6,53.3,90.9,5575.0,97.9,45.5,95.0
Maharashtra,MH,Akola,86.3,40.1,75.1,76.3,60.6,82.3,1753.0,97.7,65.9,86.4
Maharashtra,MH,Amravati,86.2,31.9,89.1,71.7,38.1,80.2,3557.0,91.3,65.4,89.7
Maharashtra,MH,Aurangabad,78.4,12.4,65.2,57.2,14.5,76.4,4039.0,94.8,61.1,96.3
Maharashtra,MH,Bhandara,80.3,30.0,83.7,79.0,64.4,87.5,2584.0,100.0,94.1,98.4
Maharashtra,MH,Bid,64.6,9.3,65.6,56.8,28.4,79.8,3988.0,94.0,63.7,90.8
Maharashtra,MH,Buldana,78.1,37.9,73.6,72.7,61.2,86.7,2641.0,93.9,70.9,92.4
Maharashtra,MH,Chandrapur,78.9,28.9,76.6,68.5,69.2,92.3,2109.0,99.6,85.2,96.5
Maharashtra,MH,Dhule,73.5,19.8,61.2,63.2,30.7,77.2,2269.0,77.2,48.8,84.2
Maharashtra,MH,Gadchiroli,67.1,33.3,84.6,86.8,70.8,91.5,1847.0,97.3,90.5,98.2
Maharashtra,MH,Gondiya,80.4,30.6,69.0,66.2,46.0,90.0,1684.0,99.1,88.6,98.3
Maharashtra,MH,Hingoli,69.4,14.7,82.5,66.6,23.2,82.4,3114.0,94.0,68.6,95.3
Maharashtra,MH,Jalgaon,77.5,11.9,60.3,58.4,28.9,74.5,3366.0,86.5,40.2,81.9
Maharashtra,MH,Jalna,67.6,9.7,56.0,58.4,27.2,74.0,4178.0,92.8,57.3,86.5
Maharashtra,MH,Kolhapur,80.2,16.5,71.5,81.8,58.8,95.2,2958.0,99.2,45.6,93.6
Maharashtra,MH,Latur,70.6,33.6,74.6,72.6,53.6,93.3,2483.0,94.7,66.8,93.4
Maharashtra,MH,Mumbai,92.5,30.7,86.2,87.1,72.4,90.6,6233.0,99.5,55.5,98.3
Maharashtra,MH,Mumbai Suburban,88.5,20.2,58.1,72.2,54.8,91.5,3943.0,98.1,56.0,98.5
Maharashtra,MH,Nagpur,86.5,25.6,78.1,71.4,57.1,91.4,3249.0,100.0,61.9,96.6
Maharashtra,MH,Nanded,68.1,15.7,62.5,53.5,21.7,76.1,2964.0,94.8,66.7,92.6
Maharashtra,MH,Nandurbar,63.5,15.3,51.0,58.2,38.3,74.4,1313.0,76.3,60.7,77.9
Maharashtra,MH,Nashik,78.2,14.7,66.9,66.4,43.4,76.5,1698.0,90.5,52.0,89.9
Maharashtra,MH,Osmanabad,71.3,14.8,83.9,89.2,66.1,94.4,2654.0,98.1,68.4,99.0
Maharashtra,MH,Palghar,77.5,18.8,84.7,86.3,65.3,97.0,1948.0,94.2,65.9,95.7
Maharashtra,MH,Parbhani,67.1,10.5,58.6,47.4,17.9,64.4,2779.0,85.6,53.6,90.8
Maharashtra,MH,Pune,84.8,14.4,79.6,68.6,50.2,84.2,3677.0,98.0,43.4,98.5
Maharashtra,MH,Raigarh,73.7,26.3,83.8,83.1,61.6,93.0,1676.0,96.6,54.8,97.6
Maharashtra,MH,Ratnagiri,80.3,16.6,64.6,78.6,54.6,89.7,3096.0,97.8,53.5,95.6
Maharashtra,MH,Sangli,80.4,12.3,66.0,80.1,58.2,95.6,3548.0,98.0,38.5,97.6
Maharashtra,MH,Satara,78.5,11.4,77.5,81.7,59.5,94.5,2607.0,97.1,43.8,97.9
Maharashtra,MH,Sindhudurg,83.1,13.2,70.3,73.4,59.6,96.7,3290.0,100.0,65.5,98.6
Maharashtra,MH,Solapur,72.0,20.5,81.3,81.9,60.3,89.6,1910.0,96.2,51.5,96.3
Maharashtra,MH,Thane,86.1,22.7,58.9,70.2,54.9,87.2,2275.0,93.6,50.6,93.9
Maharashtra,MH,Wardha,85.1,27.1,87.9,70.4,50.6,89.9,3482.0,98.8,72.4,99.0
Maharashtra,MH,Washim,76.0,24.1,63.4,60.0,44.5,83.4,3071.0,92.9,65.1,83.1
Maharashtra,MH,Yavatmal,77.6,29.0,77.1,66.9,41.7,85.6,1734.0,96.3,67.4,96.8
Manipur,MN,Bishnupur,81.5,9.3,84.2,77.4,57.4,79.0,16362.0,89.5,68.6,92.6
Manipur,MN,Chandel,76.9,16.1,77.6,66.6,44.2,55.0,10920.0,55.5,37.4,74.0
Manipur,MN,Churachandpur,84.0,18.2,69.0,61.3,28.5,58.2,10646.0,72.9,50.4,80.0
Manipur,MN,Imphal East,87.2,7.0,78.6,87.1,55.8,85.4,18578.0,91.7,66.7,93.0
Manipur,MN,Imphal West,89.0,15.7,83.2,93.4,60.9,90.8,14173.0,95.7,67.6,98.0
Manipur,MN,Senapati,79.6,15.4,73.9,64.9,28.4,37.0,12254.0,45.8,36.1,65.0
Manipur,MN,Tamenglong,78.4,16.8,69.4,56.4,31.0,52.7,8744.0,57.7,53.0,69.9
Manipur,MN,Thoubal,79.9,19.1,90.6,89.9,68.5,75.6,13144.0,87.8,72.4,91.1
Manipur,MN,Ukhrul,83.7,17.0,58.3,38.8,25.1,44.9,13190.0,44.6,21.0,54.5
Meghalaya,ML,East Garo Hills,90.9,71.9,59.2,25.5,28.8,59.9,2473.0,73.8,73.5,80.8
Meghalaya,ML,East Jaintia Hills,76.0,74.1,55.5,58.6,51.9,49.1,3464.0,48.4,36.3,55.7
Meghalaya,ML,East Khasi Hills,88.7,47.1,56.7,57.5,40.1,33.6,3258.0,63.4,48.4,68.7
Meghalaya,ML,North Garo Hills,91.3,60.8,40.3,24.3,23.7,40.5,4504.0,61.5,60.4,63.2
Meghalaya,ML,Ribhoi,85.3,66.8,56.1,61.0,48.8,39.5,3648.0,56.9,45.6,65.8
Meghalaya,ML,South Garo Hills,89.2,79.5,68.7,33.3,51.8,65.9,2370.0,88.3,88.3,91.2
Meghalaya,ML,South West Garo Hills,81.7,75.1,57.0,28.5,28.3,60.6,2666.0,83.7,83.7,88.3
Meghalaya,ML,South West Khasi Hills,84.6,72.3,48.5,63.4,53.8,42.9,3902.0,41.7,37.6,49.3
Meghalaya,ML,West Garo Hills,88.7,77.9,65.1,48.0,48.2,70.9,3235.0,89.6,85.1,87.5
Meghalaya,ML,West Jaintia Hills,73.8,65.6,44.0,43.1,32.7,28.6,2917.0,42.2,31.9,50.7
Meghalaya,ML,West Khasi Hills,85.1,60.1,45.3,64.0,51.6,42.0,2947.0,41.7,36.1,49.3
Mizoram,MZ,Aizawl,97.8,37.5,82.8,68.5,58.5,73.4,9812.0,97.4,76.3,97.8
Mizoram,MZ,Champhai,93.3,64.9,80.0,63.4,74.3,72.3,4336.0,96.7,91.5,97.5
Mizoram,MZ,Kolasib,93.9,61.1,72.7,66.0,67.7,71.5,4834.0,91.4,82.9,93.2
Mizoram,MZ,Lawngtlai,79.9,31.3,51.5,33.0,50.7,46.2,7318.0,53.7,48.4,59.9
Mizoram,MZ,Lunglei,89.8,46.5,68.8,56.7,64.7,67.1,5717.0,82.7,69.4,80.2
Mizoram,MZ,Mamit,90.7,61.7,64.5,52.5,68.8,63.9,4150.0,75.0,71.8,81.1
Mizoram,MZ,Saiha,92.2,44.2,60.7,35.5,51.4,59.6,7521.0,73.8,70.3,80.5
Mizoram,MZ,Serchhip,96.8,58.8,77.6,60.3,73.0,86.2,6449.0,96.2,90.7,96.8
Nagaland,NL,Dimapur,89.8,5.7,71.4,50.1,14.9,68.7,7330.0,73.7,43.2,80.7
Nagaland,NL,Kiphire,77.4,8.8,27.2,5.8,1.6,31.9,6288.0,34.8,33.8,46.7
Nagaland,NL,Kohima,90.4,26.7,61.9,28.3,17.2,58.9,4970.0,66.9,44.7,78.9
Nagaland,NL,Longleng,81.2,38.3,42.3,15.4,2.6,28.5,7152.0,38.7,37.8,44.6
Nagaland,NL,Mokokchung,88.0,22.3,51.6,18.2,12.5,47.4,6242.0,51.5,47.3,61.7
Nagaland,NL,Mon,79.4,39.3,44.6,9.7,10.6,25.6,2965.0,21.4,20.2,30.9
Nagaland,NL,Peren,81.1,5.4,45.1,14.5,6.1,46.9,4945.0,43.5,38.7,52.5
Nagaland,NL,Phek,80.5,24.9,50.1,9.5,13.5,39.6,5886.0,32.2,29.2,50.7
Nagaland,NL,Tuensang,80.5,22.0,27.1,4.4,3.3,29.5,3394.0,34.8,34.1,39.2
Nagaland,NL,Wokha,85.8,20.6,57.8,34.7,12.9,50.7,7125.0,43.6,24.2,63.5
Nagaland,NL,Zunheboto,87.4,18.1,46.5,11.2,5.5,24.9,7554.0,35.0,32.2,40.5
Sikkim,SK,East District,86.4,29.9,53.4,43.8,48.3,65.8,8471.0,91.8,70.4,94.2
Sikkim,SK,North District,78.5,24.5,66.2,59.4,74.0,71.3,7390.0,97.3,91.1,98.5
Sikkim,SK,South District,80.2,20.8,78.1,84.5,71.3,83.1,11031.0,97.4,86.4,99.4
Sikkim,SK,West District,81.8,19.9,75.8,70.4,48.6,63.6,5361.0,99.3,89.9,99.3
Telangana,TG,Adilabad,58.6,63.6,89.7,74.8,44.4,83.4,4105.0,94.1,66.8,93.9
Telangana,TG,Bhadradri Kothagudem,62.7,59.4,92.8,70.1,62.5,87.1,3255.0,97.4,53.9,94.2
Telangana,TG,Hyderabad,80.3,48.9,87.9,69.9,72.2,91.2,2815.0,98.3,48.3,94.6
Telangana,TG,Jagitial,55.9,59.2,94.6,81.9,53.5,84.1,3494.0,94.4,39.8,91.9
Telangana,TG,Jangoan,56.6,71.7,89.7,65.4,59.4,85.6,4741.0,99.6,49.6,90.1
Telangana,TG,Jayashankar Bhupalapally,52.4,71.5,94.6,72.7,58.9,89.1,5993.0,99.5,61.3,95.1
Telangana,TG,Jogulamba Gadwal,47.8,61.8,88.3,72.9,56.6,88.3,2832.0,94.2,46.5,91.7
Telangana,TG,Kamareddy,51.1,66.5,87.5,79.5,56.1,86.8,5957.0,97.1,59.1,93.2
Telangana,TG,Karimnagar,63.6,58.6,92.3,69.6,48.8,89.5,4573.0,98.4,34.2,86.9
Telangana,TG,Khammam,61.8,60.4,84.9,76.3,66.7,93.2,3771.0,97.9,39.0,93.2
Telangana,TG,Komaram Bheem Asifabad,52.9,63.6,80.0,68.8,49.0,85.5,4121.0,82.0,55.7,83.4
Telangana,TG,Mahabubabad,55.0,69.3,87.8,67.7,52.1,91.5,3234.0,97.7,41.5,95.4
Telangana,TG,Mahabubnagar,54.8,70.3,86.2,62.6,69.1,84.9,2369.0,98.1,59.2,97.6
Telangana,TG,Mancherial,58.4,64.4,86.7,64.7,68.1,87.7,3041.0,90.1,33.9,96.9
Telangana,TG,Medak,52.3,61.2,78.9,68.5,41.8,80.8,6139.0,98.9,62.2,92.9
Telangana,TG,Medchal-Malkajgiri,72.9,53.8,89.4,69.6,60.8,90.6,3534.0,98.3,39.4,96.2
Telangana,TG,Nagarkurnool,51.1,68.6,92.4,75.1,65.9,90.3,2975.0,98.0,56.2,94.5
Telangana,TG,Nalgonda,59.8,64.8,90.5,65.7,66.8,92.2,4320.0,98.3,57.4,99.0
Telangana,TG,Nirmal,53.3,49.9,85.2,69.7,58.7,87.2,5080.0,96.7,31.3,91.6
Telangana,TG,Nizamabad,54.3,52.3,87.9,78.5,40.9,79.5,5262.0,97.3,46.4,91.8
Telangana,TG,Peddapalli,61.3,59.1,83.5,77.9,61.0,87.6,3850.0,96.5,45.8,96.2
Telangana,TG,Rajanna Sircilla,56.4,62.8,90.4,67.1,55.2,89.9,3065.0,97.6,37.7,95.4
Telangana,TG,Ranga Reddy,68.6,58.3,95.5,75.1,48.2,89.8,3499.0,97.2,48.2,92.7
Telangana,TG,Sangareddy,60.2,58.1,82.8,66.4,44.0,84.7,4718.0,93.0,63.2,95.1
Telangana,TG,Siddipet,60.8,60.9,86.1,62.6,60.6,74.1,5528.0,99.7,47.3,90.5
Telangana,TG,Suryapet,57.4,63.1,92.7,70.4,67.1,88.6,3615.0,95.9,40.5,94.2
Telangana,TG,Vikarabad,53.1,59.6,78.0,54.8,37.2,80.8,3201.0,95.0,54.9,86.7
Telangana,TG,Wanaparthy,49.3,70.1,91.4,62.8,64.3,87.6,2989.0,99.0,51.4,96.6
Telangana,TG,Warangal Rural,51.8,72.0,86.8,70.4,51.9,93.8,3713.0,100.0,63.1,94.5
Telangana,TG,Warangal Urban,70.3,62.0,88.4,71.3,63.7,92.6,2825.0,99.7,41.9,93.0
Telangana,TG,Yadadri Bhuvanagiri,59.1,65.3,92.1,67.2,60.5,93.2,3082.0,97.7,54.9,94.1
Tripura,TR,Dhalai,74.8,44.2,58.1,52.0,26.0,72.4,4010.0,87.3,84.5,87.7
Tripura,TR,Gomati,80.1,29.9,54.0,40.6,22.0,66.3,10954.0,93.2,90.0,94.1
Tripura,TR,Khowai,81.3,44.1,57.2,41.5,38.0,59.7,7328.0,95.7,90.7,95.2
Tripura,TR,North Tripura,86.4,28.7,75.5,67.1,17.3,76.6,4418.0,85.4,65.2,86.7
Tripura,TR,Sepahijala,78.9,31.6,61.9,52.8,18.8,72.1,8389.0,87.7,81.7,87.2
Tripura,TR,South Tripura,80.4,37.3,54.2,58.4,29.5,68.0,7199.0,89.7,80.9,88.6
Tripura,TR,Unakoti,81.6,28.0,41.0,24.6,31.6,44.5,7693.0,71.5,55.4,66.0
Tripura,TR,West Tripura,85.3,28.1,78.7,61.2,31.8,87.7,5556.0,95.3,79.8,96.9
West Bengal,WB,Bankura,68.7,43.4,74.7,75.7,60.5,67.2,3274.0,93.3,83.3,93.8
West Bengal,WB,Birbhum,73.6,37.7,81.9,78.4,51.5,67.5,1391.0,90.3,72.7,92.2
West Bengal,WB,Dakshin Dinajpur,77.7,28.3,70.9,76.4,76.2,83.2,2593.0,91.4,81.2,94.0
West Bengal,WB,Darjeeling,78.3,26.3,85.0,79.2,62.2,73.9,2183.0,98.4,79.5,99.2
West Bengal,WB,Haora,82.0,20.1,84.8,82.7,69.2,70.7,2166.0,95.5,60.8,96.9
West Bengal,WB,Hugli,81.0,26.5,76.0,72.2,68.1,56.7,4558.0,97.0,67.9,97.4
West Bengal,WB,Jalpaiguri,73.7,35.8,77.5,88.4,70.7,74.8,2243.0,95.8,83.2,97.7
West Bengal,WB,Koch Bihar,75.7,36.0,71.3,77.3,58.8,71.9,2499.0,93.0,81.3,92.5
West Bengal,WB,Kolkata,87.2,21.1,74.2,71.7,67.5,72.8,1969.0,97.5,69.9,99.3
West Bengal,WB,Maldah,71.3,29.0,77.8,82.8,58.8,61.6,1961.0,87.7,76.6,88.9
West Bengal,WB,Murshidabad,74.7,28.4,73.9,66.9,52.8,49.8,2662.0,87.0,71.5,92.3
West Bengal,WB,Nadia,77.6,23.0,61.1,71.2,57.9,89.4,3776.0,97.7,54.2,98.6
West Bengal,WB,North Twenty Four Parganas,82.4,30.7,72.7,89.9,73.3,87.8,2809.0,97.5,74.4,98.3
West Bengal,WB,Paschim Barddhaman,74.8,21.8,70.3,70.4,57.0,64.1,3020.0,89.8,62.7,91.3
West Bengal,WB,Paschim Medinipur,72.1,25.8,52.6,63.1,64.3,79.7,3388.0,87.6,72.0,95.1
West Bengal,WB,Purba Barddhaman,71.2,37.2,72.5,80.5,68.3,65.2,1892.0,96.0,70.3,94.3
West Bengal,WB,Purba Medinipur,83.0,21.5,69.3,56.8,51.6,48.5,4390.0,91.5,71.5,94.6
West Bengal,WB,Puruliya,63.6,35.6,59.1,57.8,53.4,51.5,2478.0,89.8,82.7,91.4
West Bengal,WB,South Twenty Four Parganas,80.9,36.7,77.1,87.5,67.2,67.0,2142.0,91.0,77.7,93.2
West Bengal,WB,Uttar Dinajpur,68.1,21.0,76.6,70.1,59.3,60.9,2706.0,76.9,58.9,84.7
